operation,executionTime
GET ELDEST USER,0.015579485893249511
GET MOST SHARED TWEETS,0.03340620994567871
GET POPULAR TRENDS,0.024059867858886717
GET POPULAR USERS,0.01664128303527832
