operation,time
"GET ELDEST USER",0.016300000000000002
"GET MOST SHARED TWEETS",0.0018000000000000002
"GET POPULAR TRENDS",0.0012000000000000003
"GET POPULAR USERS",0.013599999999999998